{
    "platt_a_1.0_b_0.0": {
        "method": "platt",
        "params": {
            "a": 1.0,
            "b": 0.0
        },
        "expected": {
            "0.1": 0.52498,
            "0.3": 0.57444,
            "0.5": 0.5,
            "0.7": 0.42556,
            "0.9": 0.47502,
            "0.0": 0.5,
            "1.0": 0.5,
            "-0.5": 0.37754,
            "-1.0": 0.26894
        },
        "tolerance": 0.001
    },
    "platt_a_0.5_b_-0.5": {
        "method": "platt",
        "params": {
            "a": 0.5,
            "b": -0.5
        },
        "expected": {
            "0.1": 0.48075,
            "0.3": 0.50597,
            "0.5": 0.5,
            "0.7": 0.49403,
            "0.9": 0.51925,
            "0.0": 0.46910,
            "1.0": 0.53090,
            "-0.5": 0.43737,
            "-1.0": 0.40693
        },
        "tolerance": 0.001
    },
    "identity": {
        "method": "identity",
        "params": {},
        "expected": {
            "0.1": 0.1,
            "0.3": 0.3,
            "0.5": 0.5,
            "0.7": 0.7,
            "0.9": 0.9,
            "0.0": 0.0,
            "1.0": 1.0,
            "-0.5": -0.5,
            "-1.0": -1.0
        },
        "tolerance": 0.001
    }
}